Name,Amount,Paid,Losses
Morning Glory,4192.28,3392.5,799.7799999999997
Tom Brady,3287.0,2854.0,433.0
Randy Detman,7269.48,7074.88,194.59999999999945
Latvia,50.0,51.0,-1.0
